year,1993,1993,1993,1994,1994,1995,1995,1995,1996,1997,1997,1998,1998,1998,1999,1999,2000,2000,2001,2002,2002,2003,2003,2004,2004,2004,2005,2005,2005,2006,2006,2006,2006,2007,2007,2008,2008,2008,2008,2008,2008,2008,2008,2008,2008,2008,2008,2008,2009,2009,2009,2009,2009,2009,2010,2010,2010,2010,2010,2011,2011,2011,2011,2011,2011,2011,2011,2011,2012,2012,2012,2012,2012,2012,2013,2013,2013,2013,2014,2014,2014,2014,2015,2015,2015,2015,2016,2016,2016,2016,2017,2017,2017,2017,2018,2018,2018,2018,2018,2018,2018,2018,2018,2019,2019,2020,2020,2020,2020
박카스(동아제약),"오늘보다 소중한 내일이. 지금의 피로는 산뜻한 기쁨. 박카스. ""얼마나 피곤했으면. 이봐 젊은이."" ""예? 네."" 그날의 피로는 그날에 풀자. 박카스에프. 동아제약","알아주는 사람이 없으면 어떤가. 나의 일에 최선을 다하면 그 뿐. ""하하. 젊은 사람이 밤 늦게까지."" 소중한 땀의 현장에는 박카스가 있습니다. ""이봐. 영관."" ""어? 아저씨."" ""밤 늦게까지 수고가 많지?"" 피로회복에는 박카스에프.",보이지 않는 곳에서도 묵묵히 일하며 새벽을 지키는 사람들. 이들의 숨은 노력이 우리의 미래를 밝게 합니다. 박카스. 그날의 피로는 그날에 푼다. 동아제약 박카스에프.,"피로가 밀려오는 시간. ""허? 아빠."" 사랑보다 큰 가르침이 어디 있는가. 박카스. ""아빠."" ""응?"" ""피곤하시죠?"" ""아이 녀석. 네가 더 힘들지."" 그날의 피로는 그날에 푼다. 박카스에프.","인생은 언제나 새로운 시작. ""가득 채워주세요. 어? 선생님!"" ""아니 자네."" ""퇴직하셨다더니 아직도 정정하시네요."" ""그럼. 일하는 것이 청춘 아닌가. 하하."" 박카스. ""선생님."" 그날의 피로는 그날에 푼다. 박카스. ""건강하세요."" ""건강하고~"" 동아제약. 박카스에프.","농촌을 지키는 사람들. 여러분이 자랑스럽습니다. ""모내기하세요? 수고하세요!"" ""모판 가져와!"" ""지금 가요."" ""힘들지? 여보 우리 도시 가서 살까?"" ""에이. 마음에 없는 소리 하지 마세요."" 그날의 피로는 그날에 푼다. 박카스에프.  ","""아이. 진짜."" ""뛰어!"" ""여보."" ""어?"" ""피곤하시죠?"" ""집에 별 일 없지?"" ""저기."" 박카스. 그날의 피로는 그날에 푼다. ","늘 함께하지는 못해도 언제나 곁에는 사랑이 있습니다. ""생일 축하합니다. 생일 축하합니다. 아빠 생일 축하해요. 엄마, 엄마도 한마디 하세요."" ""여보 건강하세요."" ""어. 그래. 집에 별 일 없지?"" 그날의 피로는 그날에 푼다. 박카스에프.",,"소중한 땀방울에는 진한 사랑이 있습니다. ""힘들지?"" ""뭘요. 아버지는 매일 하시는 건데."" ""이제는 따라 나오지마. 공부하기도 힘들텐데."" ""괜찮아요. 운동 삼아서 하는건데요 뭐."" ""아이 녀석."" 그날의 피로는 그날에 푼다. 박카스.","""어머 성호씨?"" 서로가 서로를 이해할 때. 그것이 바로 1등국민. ""제가 깜빡.."" ""자 같이 하시죠. 하나 둘. 하나 둘. 이제는 잠 좀 깨셨죠? 피곤할 때는 쉬어가십시오."" 그날의 피로는 그날에 푼다. 박카스. ","""어? 안녕하세요."" ""힘들지?"" ""저희보다는 사장님이 더 힘드시죠. 뭐."" ""하하. 괜찮아. 지금이야 공장 있겠다 경험 있겠다 그리고 든든한 자네들이 있지 않은가. 응?"" ""하하. 예. 사장님."" 그날의 피로는 그날에 푼다. 박카스.","""하. 8일 동안 250km를 넘게 걸었다. 그냥 잠이나 잤으면.."" ""구구단을 외자. 4X8에?"" ""32."" ""구구단을 외자. 2X9?"" ""18."" ""구구단을 외자. 구구단을 외자. 5X9?"" ""45,"" ""야. 젊다는 게 뭐야?"" ""야. 뛸까?"" 건강한 젊음과 박카스가 함께합니다.","하.. 하룻밤을 꼬박 새우고. 또 새벽 2시. ""야."" ""한 게임 더 해?"" 젊음은 나약하지 않다. 박카스.","새 날. 새 아침을 여는 젊음의 희망몰이. ""우리나라. 우리국민. 힘내게 해주십시오."" 젊은 활력 1999. 박카스. ","""박카스 응?"" 가는 나라마다 우리의 박카스가 있어서 반가웠습니다. ""박카스?"" ""Oh, Bacchus."" 젊음으로 세계를 열다. 박카스 ","""아. 정말. 왜이렇게 안오지?"" ""너 왜 여기있어?"" ""야. 6번 출구 아니야?"" ""4번이랬잖아."" ""야 왔다 왔다!"" ""어? 줄이 없어졌잖아?"" ""야 야 야 야. 줄 서. 줄 서. 지킬 것은 지켜야지."" ""알아 알아."" 젊음. 지킬 것은 지킨다. 박카스. ","""여기! 여기!"" ""으아아.."" ""오래간만에 하니까 장난 아닌데?"" ""야 앉아."" ""됐어. 우리자리가 아니잖아."" ""괜찮냐?"" ""어후. 하하하."" 젊음. 지킬 것은 지킨다. 박카스.","""믿을 수 없는 일이 일어났습니다. 우리 한국이 프랑스를 꺾고…"" 할 수 있습니다. 믿음이 크면 도전도 커집니다. 박카스.","""세원아."" 인생은 왼쪽 오른쪽 흔들리면서 균형을 잡아가는 거야. 지금은 이쪽이다. 젊은 날의 선택. 박카스.","""네. 드디어 해냈습니다. 우리 한국이 …"" 할 수 있습니다. 믿음이 크면 도전도 커집니다. 박카스. ","""형. 쫙 빼 입고 어디가?"" ""아저씨."" ""아잇 깜짝이야."" ""저 오늘 첫 출근 해요."" ""오. 그래? 뭐 하는 회사야?"" ""그냥. 조그마한 회사예요."" ""크기가 무슨 상관이야. 가서 크게 키워!"" ""알겠습니다!"" 힘내세요. 꼭. 박카스. ","""1급 현역 이병 대상입니다."" ""3527343 쓰읍. 352734.. 352734.."" ""안 보이면 안 보인다고 해!"" ""다음."" ""네!"" ""3. 5. 2. 7. 3. 4. 7. 꼭 가고 싶습니다!"" 사나이로 태어나서. 박카스.","""엄마. 나 재밌죠?"" ""재밌냐?"" ""엄마."" ""왜 이래?"" ""힘드시죠."" ""얘는?"" ""잘할게요."" 피로가 풀리는 한 마디. 박카스.","""아. 대학 간 애들은 좋겠다. 연락 없지?"" ""휴대폰도 없앴는데 무슨 연락? 날씨 참 되게 좋네."" 젊은 날의 선택. 박카스.","""예. Yes of course David. Thank you for take care of this. Please call or email me in your…"" 이렇게 늦은 밤. 당신은 누구를 위해 일하나요? ""Thank for calling."" 피로가 풀리는 한 마디. ""어이! 힘냅시다!"" ""그쪽도!"" 박카스.","""선생님! 안녕하세요!"" ""어이 누구야. 이게. 이야 오래간만이구나."" ""네. 선생님."" ""어떻게 지냈어?"" ""안녕하셨어요? 선생님."" ""어디 한번 보자. 어?"" ""선생님 하나도 안변하셨어요."" ""아이 변했지. 하하하."" ""선생님 이 조끼 좀 벗어버리세요. 아직도 입으세요? 하하"" 박카스D를 만났습니다. ","""언니! 안녕하세요!"" ""어? 수정아!"" ""아 언니! 안녕!"" ""잘 지냈어?"" ""안녕하셨어요?"" ""응! 예뻐졌네?"" ""언니가 더 예뻐졌는데요. 뭐. 언니 연애하는구나!"" 박카스D를 만났습니다.","""언니!"" ""왔어?"" ""네."" ""그럼 나 간다?"" ""네!"" ""저기 박카스. 이따 그 사람도 하나 주든가.1630."" ""안녕하세요."" ""수고하세요."" ""안녕히 가세요."" ""안.."" ""안녕하세요."" ""수고하세요."" ""안녕.. 하세요?"" 안녕하세요. 박카스D. ","""으어. 피곤해."" ""밤샜어?"" ""밤? 눈 뜨니까 해가 떴더라. 해가 떴어."" ""아 오빠만 믿었는데 어떡해?"" ""야 야 좀 조용히 해. 나 장학금 받아야 돼."" ""오빠가 장학금을 받겠다고요?"" ""그럼 당연하지."" ""어 왔어?"" ""어 일찍들 왔네."" ""야 너 책이 하얗다. 너 수업시간에 뭐했냐?"" ""야 너 공부 좀 했구나?"" ""어?"" 그래! 박카스.","""뭐하러 왔다 갔어. 김치. 생선? 엄마 나 생선 못 만진단 말이야. 엄마 나 회사에서 전화온다. 어. 어. 으유 진짜. 깨끗이도 치워놨네. 못살아 내가."" 그래. 박카스.","""45도. 40.. 45도."" 열심히 일하고 있을 그 사람에게 박카스를 보낼 시간입니다. 아자.","""빨리 가."" ""엄마."" ""어? 지금 오는거야?"" ""늦게까지 수고하셨습니다!"" ""아저씨. 가요?"" ""네."" ""찹쌀떡!"" 그래. 박카스.","""으어. 나왔다 나왔다."" ""어? 나온다 나온다."" ""어디?"" ""야 저기 저기 우리 이름 있잖아."" ""어! 야 나다."" ""야 이거 엄마가 봐야되는데."" ""찍어 찍어"" ""야 이제 우리 진짜 시작이다."" ""우리 영화인이야."" 내 꿈은 지치지 않는다. 박카스.","""딱 한번이야 어?"" ""오케이 오케이"" ""자자자자자"" ""이야!!"" ""김대리 또 야근이네?"" ""나 먼저 퇴근한다?"" ""네~"" ""대리님 수고하세요."" 우리 회사는 나밖에 없지. 그래. 박카스. ",둘리의 피로회복제는 고길동이다. 당신의 피로회복제는? 박카스.,김정남 할머니의 피로회복제는 재봉틀입니다. ,"할머니의 피로회복제는 ""생일 축하합니다. 할머니 생일 축하해요."" 재롱이다. 당신의 피로회복제는? 박카스.",박철환의 피로회복제는 격파다. 당신의 피로회복제는? 박카스.,봄의 피로회복제는 봄을 즐기세요.,"군인의 피로회복제는 ""충성!"" 편지다. 당신의 피로회복제는? 박카스.","""으아. 조금만 조금만. 금메달이다!!"" 올 여름의 피로회복제는 금메달이다. ""선생님 지금 공부가 문제가 아닙니다."" 당신의 피로회복제는? 박카스.","""엄마. 다음은 어디야?"" ""어. 85-9가? 어디더라?"" ""85-9가.. 여기 있다! 갔다 올게!"" 힘내세요. 피로를 추억할 날이 올 거예요. ""차 조심해!"" 박카스. ",배두한씨의 피로회복제는 상상력입니다.,태안반도의 피로를 풀어주고 계신 100만 자원봉사자 여러분들께 감사드립니다.,김영희 대원의 피로회복제는 엄마다. 당신의 피로회복제는? 박카스.,최효정의 피로회복제는 트로트다. 당신의 피로회복제는? 박카스.,"하하.. 당신 핸드폰 어디에 뒀어요?"" ""거기 식탁 위에 있을거예요. 왜요?"" ""아니 그냥. 아 오늘 야구하는데 야구 좀 보자."" ""아이고 지금 얼마나 재미있는 거 하는데요. 양말이나 좀 뒤집어놓지 마세요."" 오랜 세월 내 곁을 지켜준 아내는 나의 피로회복제입니다. 당신의 피로회복제는? 박카스.","해남 땅 끝에서 서울까지. 566.3km ""엄마!"" 대학생 국토대장정. 함께 있을 때 우리는 앞으로 나아갈 수 있었다. 우리는 서로의 박카스다.",잘 할거야 문자를 보낸 적이 있다. 필기한 노트를 빌려준 적이 있다. 내리는 척 자리를 양보한 적이 있다. 추운 날 외투를 벗어 준 적이 있다. 진 경기에 박수를 보낸 적이 있다. 우리는 누군가의 박카스다. ,"""나 가요."" 시장에서 지하철에서 남편은 길을 그냥 지나치는 법이 없다. ""안녕하세요. 오이랑 미나리랑. 다 싸주세요 그냥."" ""이거를 다 드려요? 이렇게 많은 것을. 덕분에 나도 퇴근하게 생겼네요. 정말로 고마워요."" 우리는 누군가의 박카스다. ","""부장님 안녕하세요."" 최부장님은 우리 회사 호랑이이다. 그런데 ""안녕하세요. 아이 부장님 감사합니다."" ""오오~~"" 앞으로 열 달. 최부장님과 우리는 그녀의 박카스가 될 계획이다. 우리는 누군가의 박카스다.  ","한국과 이란의 경기가 끝났다. 남북한의 동반진출이 결정되는 순간이었다. ""정말로 TV를 보면서 박지성 선수의 팬이 돼 버렸네요."" 월드컵 상의 새로운 역사가 쓰여진 그런 날이라고 할 수 있겠네요. 그렇습니다. ""정대세 선수도 그만큼의 역할을 해서 올라간거니까 거기에 대해서 너무나 기쁘게 생각하구요."" 우리는 서로의 박카스다. ","일주일에 한 번 성준이를 만나러 간다. ""성준아. 형 왔어. 축구 안해? 축구?"" ""형은 볼 사람 나뿐이야?"" ""응 너밖에 없어. 야."" ""형. 혹시 이거 알아?"" ""형 수학 천재라니까? 60 나오는거 아니야 60."" ""오~ 이제 축구만 잘하면 되겠네."" ""무슨 소리야. 너 이리 와."" 우리는 누군가의 박카스다.","""여보 나왔어."" ""서방!"" 우리 그이는요 제 뽀뽀 한 번이면 하루 피로가 싹 가신대요. ""우리 그이 피로에는 제 뽀뽀가 약인가봐요. 오호호."" 진짜 피로회복제는 약국에 있습니다. 박카스 ","""거래처 다녀오겠습니다."" ""그래 그래."" 피로에는 사우나가 직방이라는 김대리. 그러하고 업무 시간에 사우나 갈 수는 없잖아요. ""부장님. 등 밀어드릴까요?"" 진짜 피로회복제는 약국에 있습니다. 박카스.","""내가 진짜 피곤해서 그러는데 잠깐만 쉬었다 가자그러면 너 안 갈거지? 하하하. 진짜 피곤해서 그래. 어? 나 진짜 피곤한 사람이야. 아니 피곤한 사람이 아니고 나 진짜 피곤한데."" 진짜 피로회복제는 약국에 있습니다. 박카스. ""아직도 피곤해? 어?""","""은행은 못 갚아도 웬수는 꼭 갚아요."" ""형!"" ""왜?"" ""안 피곤해?"" ""나는 대본만 보면 피로가 그냥 싹 달아나. 왜 그러지? 이제 막 화도 나."" ""형은 진짜 연기자야."" ""그래? 하하"" ""형 자?"" ""으아! 아니야 아니야. 연기야. 자는 연기야. 너무 집중했나봐. 아우."" 진짜 피로회복제는 약국에 있습니다. 박카스 ","""후 지현아."" ""엄마!"" ""뛰면 안돼 다쳐."" 자식 입에 밥 들어가는 것만 봐도 피로가 싹 풀리는 것이 엄마인가봐요. ""우리 아들 누구 것?"" ""나 아영이 것."" ""자기는 누구 것?"" 진짜 피로회복제는 약국에 있습니다. 박카스.","""힘들어."" ""아 좋다. 새해부터 산에 오르니까 묵은 피로가 싹 풀리지? 어?"" ""아 예. 과장님. 이렇게 좋은데 매주 올까요? 하하."" ""그러지 뭐."" ""예?"" ""다음주에는 북한산 어때?"" 진짜 피로회복제는 약국에 있습니다. 박카스","""놔. 엄마?"" ""아이. 뭐야?"" ""마이크!"" ""아이 나 참."" ""죄송합니다. 죄송합니다."" ""으이구. 야."" ""박카스 주세요."" ""짠."" 진짜 피로회복제는 약국에 있습니다. 박카스.",박카스는 '쨍하고 해뜰날' 입니다. 박카스는 '토요일은 밤이 좋아' 입니다. 박카스는 '매일 그대와' 입니다. 박카스는 '진짜 사나이' 입니다. 박카스는 '손에 손잡고' 입니다. 박카스는 '대~한민국' 입니다. 박카스는 '지킬 것은 지킨다' 입니다. 50년 전에도 50년 후에도 변함없는 그 마음. 박카스는 '박카스' 입니다. ,박카스는 '한잔의 추억' 입니다. 박카스는 '꼴찌들의 애교작전' 입니다. 박카스는 '학수고대' 입니다. 박카스는 '엄마의 바다' 입니다. 박카스는 '한 평생… 고맙소' 입니다. 응원처럼 위로처럼 우리 곁에 늘. 박카스는 '박카스' 입니다. ,"피곤에 쩔은 우리 아빠. 아빠는 피로를 코로 푸나 봅니다. 그렇다고 여기서 이러시면 곤란하죠. ""으아앙"" ""박카스 주세요."" 진짜 피로회복제는 약국에 있습니다. ""그렇게 피곤했어?"" 박카스.","""오오오"" 보람찬 하루를 마치고 기분 좋게 피로를 푸는 우리의 국군장병 오빠들. ""뭐야. 아. 뭐야."" ""박카스 주시지 말입니다. 너만 믿는다."" 진짜 피로회복제는 약국에 있습니다. 박카스.",,,,"""뚝. 뚝."" 부럽다. 언제커서 뛰어오냐. ""조심! 엄마 말 안들어?"" 부럽다. 너 언제 클래? ""말해봐."" ""아 말하면 알아?"" ""저게!"" 부럽다. 시집 보내면 다 키운거지. ""엄마. 김치는?"" ""어떡하니. 깜빡 잊어버렸다."" 풀려라 5천만. 풀려라 피로! ""엄마 고마워."" 박카스. 건강을 지키는 동아제약.","""내가 사표를. 내자. 내자. 사표 내자."" ""하. 부럽다. 취직을 해야 사표를 쓰지. 에휴"" ""부럽다. 누워서 TV도 보고."" ""눕고 싶지?"" ""아닙니다!"" ""아 부럽다. 저 때는 그래도 제대하면 끝이었는데."" ""부럽네."" 풀려라 5천만. 풀려라 피로! ""다 풀어."" 박카스. 건강을 지키는 동아제약. ",,,"""자 아들 생일 축하해."" ""그래. 와~!"" ""아 엄마. 모의고사 잖아요."" ""에이 안되지. 미역국. 다른 것 끓여와 다른 것."" ""어후. 다녀와. 왕을 모시고 산다니까?"" ""엄마 힘들지."" ""네가 더 힘들지"" 풀려라 5천만 풀려라 피로! 박카스. 건강을 지키는 동아제약.",,"""2013년 파이팅!"" ""아이고.."" 열정으로 피로한 당신을 응원합니다. ""역시 무리였군."" 풀려라 5천만 풀려라 피로! 박카스. 건강을 지키는 동아제약.","""몇 시에 온다고 했지?"" ""거의 다 왔대요. 그렇게 좋으세요?"" ""아주 손주가 오면 좋지. 좋아."" ""아이고!"" ""우와!"" ""밥 먹고 갈거지?"" ""가서 더 좋지"" 풀려라 5천만 풀려라 피로! 박카스. ""어 둘째냐?"" ""오지마 오지마."" 건강을 지키는 동아제약.","""어어 아버지. 제가 할게요."" ""놔둬라. 에이 놔두라니까."" ""에미야. 그거 놔둬라. 그거 놔둬."" ""아이 글쎄 놔두라니까 글쎄."" ""용돈 좀 넣었어요."" ""놔둬."" ""에이 아니에요."" ""놔두지 뭘."" 풀려라 5천만 풀려라 피로! 박카스. ""쏴줄까?"" ""에이. 놔둬라."" 건강을 지키는 동아제약.","""아빠 출근한다. 아줌마 자냐? 맨날 자냐."" ""아줌마. 또 자?"" ""하하하"" 풀려라 5천만 풀려라 피로! ""내가 다 알지."" 박카스. 건강을 지키는 동아제약.","""주유구 열어주세요."" ""네. 어머. 미안 미안해. 남편한테 한번 전화 좀 해보고."" ""화장실 어디에요?"" ""어이 자네."" ""네?"" ""자네도 좀 채워."" 풀려라 5천만 풀려라 피로! 박카스. 건강을 지키는 동아제약. ","요즘 제일 바쁜게 저라고 하죠. 깨워줘 놀아줘 쇼핑해줘 이어줘 찍어줘 아휴 하지만 제가 쉴 틈이 없다는 것은 당신도 쉴 틈이 없다는 것. 배터리는 충전하면 되지만 방전된 당신은 어쩌면 좋죠? ""충전 완료!"" 풀려라 5천만 풀려라 피로! 박카스.","""어이구. 미안"" ""아니 내가 할게."" ""아 가족끼리 왜이래."" ""그러게."" 애정회복은 피로회복부터. 박카스.","""요즘.."" ""엄마 김 어디에 있어?"" ""그.."" ""엄마 이거 봤어?"" ""허!"" ""엄마 내 로션 어디에 있어?"" ""그.. 하.."" ""아빠.."" ""어!"" ""엄마 못봤어?"" ""못봤어."" 박카스. 대화회복은 피로회복부터.","""난 요새 수염 있는 남자가 멋있더라."" ""안녕."" ""난 기타 잘치는 남자 멋있더라. 나 영어 잘하는 남자가 멋있더라. 어깨 넓은 남자가 멋있더라. 근데 난 얼굴 작은 남자가 제일 좋더라."" 난 오늘 나에게 박카스를 사줬습니다. ""남자는 자신감이지 자신감 어?"" 나를 아끼자. 박카스. ","""목소리 되게 예쁘시네요."" ""네네 고객님. 감사합니다."" ""주말에 뭐해요?"" ""네 고객님. 저 주말에 바쁩니다."" ""언니. 나 너무 힘들어."" ""네 고객님. 저 여동생 없습니다."" ""야 너 몇살이야?"" ""네 고객님. 저 아주 어립니다."" 난 오늘 나에게 박카스를 사줬습니다. ""네네 고객님. 막내딸입니다. 아 엄마."" 나를 아끼자. 박카스. ",,,잠을 아껴서 시간을 벌고. 시간을 아껴서 돈을 벌고. 돈을 아껴서 학업을 이어가고. 너무 많은 것을 아끼려다 가장 아껴야 할 것은 잊었는 지 몰라. 난 오늘 나에게 박카스를 사줬습니다. 나를 아ㅣ끼자. 박카스.,,"""생일 축하합니다. 사랑하는 당신의 생일 축하합니다."" 생일 축하해. 생일 잘 보내고 있지? ""하루종일 파티중이지."" 난 오늘 나에게 박카스를 사줬습니다. ""내껀데.."" ""미안해."" 나를 아끼자. 박카스. 언제까지나 함께 건강하게. 동아제약.","""휴.. 아빠 다녀올게"" ""아빠 또 놀러오세요."" ""어? 아자! 오늘은 야근 없다."" 난 오늘 나에게 박카스를 사줬습니다. ""아빠 놀러왔다!"" ""아빠!"" 나를 아끼자. 박카스. ""내일 또 놀러와!"" 언제까지나 함께 건강하게. 동아제약.","태어나서 가장 많이 참고 일하고 배우며 해내고 있는데. ""엄마를 공격하라!"" 엄마라는 경력은 왜 스펙 한 줄 되지 않는걸까? ""아.. 야!!! 방금 목욕했는데!"" 나를 아끼자. 박카스. 언제까지나 함께 건강하게. 동아제약","대리가 됐을 때도 과장이 됐을 때도 이렇게까지 어깨가 무겁지는 않았다. 역시 아빠가 되는 것이 최고의 승인이기 때문일까? 나를 아끼자. 박카스. ""무겁다. 아니다. 자기가 더 무겁겠다."" 언제까지나 함께 건강하게. 동아제약.",,,"""과제제출 10분 남았잖아.. 빨리하자. 바빠 죽겠는데 누구야?"" 선배님.. 늦은 밤 죄송합니다. 자소서 때문에 엿줄게 있어서요. 선배님이 마침 국문학과 시잖아요. ""무슨 엿을 줄건데? 호박엿? 물엿? 엿 안줘도 되니까 방해하지 말아라."" 공부중? 하루만 해서 되겠냐? 아무튼 권투를 빈다. ""권투? 나한테 좀 맞아볼래? 하 이번엔 또 누구야."" 공부하느라 힘들지? 건강도 챙기면서 시험시험 해. ""이것은 국문인가? 고문인가? 피로에는 역시 박카스가 맞춤법이지."" 누구나 나만의 피로가 있다. 여러분의 학과 피로가 다음 박카스 광고가 됩니다. 바카스 아니고 박카스.","""환자분 포기하시면 안돼요. 네?"" ""누가 환자인지 모르겠네."" ""야 연습은 실전처럼 모름?"" 방문에 발 찧었을 땐 뭐 바르냐? 연고? 파스? 누나 간호학과잖아! 이런 된장이나 쳐발라! ""실습 시작할게요~ 아 실습중에 누구야?"" ""죄송합니다."" 시험날만 되면 기억력이 떨어져. 비타민 C 부족일까? D? Z? 너 간호학과잖아. IQ가 모자란거야!!! ""너도 피곤하지? 박카스 하나 처방해줄게!"" 누구나 나만의 피로가 있다. 우리 학과만의 피로를 SNS에 공유해주세요.","어머, 대박사건! 방금 전남친 프사 바뀜! 야 이거 무슨 심리임? 너 심리학과잖아! 술 마신 심리겠지. ""자자."" 누나 자요? ""우리 귀요미 이 밤에 웬일?"" 책 읽고 있었지~ 왜? 저 중간고사 개망인데 치킨이 땡기는 것은 무슨 심리일까요? 누나 심리학과잖아요. 치킨에 심리가 어디있어!!! ""나한테 이러고들 싶니? 피곤할 때 박카스 당기는 심리는 알겠네."" 누구나 나만의 피로가 있다. 우리 학과만의 피로를 SNS에 공유해주세요. ","""우와. 밥 챙겨 먹기 힘드네요."" ""자. 이거라도 챙겨."" 풀려야 할 것이 많은 세상일수록 시작은 피로회복부터. 박카스. ""오늘 잘 풀리는데?"" 언제까지나 함께 건강하게. 동아제약. ","""나 뷰티학과인데."" ""자꾸 컴퓨터 고쳐달라."" ""각종 법률 문제까지 물어보는데."" 우리들의 학과피로. ""너네 나만 보면 물어보잖아. 왜 물만 먹어도 살찌냐고.. 근데 잘 생각해봐. 너네가 뭘 물처럼 먹고 있는지.. 이런 영양가 없는 질문들 그만하면 안될까?"" ""Hi. 얘들아. 외국인이 영문학과 다닌다고 이상하게 보지 마. 나도 영어는 노답이야. 나 사실은 세네갈 사람이거든? 우리나라도 영어 안써. 나 겁나 피곤해."" ""의상디자인학과면 다 패션피플인지 알고 그러는데 미안하다 우리는 그냥 피플이야. 그리고 소개팅할 때마다 코디해달라고 하는데 패션의 완성은 얼굴인거 알지?"" 어떤 학과든 피로하니까. 박카스가 필요하다. 누구나 나만의 피로가 있다. 우리 학과만의 피로를 SNS에 공유해주세요.","""나 역사학과인데"" ""유교과라고 자꾸 애.."" ""셀카 다 어떻게 찍냐고"" 우리들의 학과피로. ""얘들아 너네 자꾸 나만 보면 사주봐달라 궁합봐달라 그러는데 나 철학관이 아니고 철학과야. 다음부터 헷갈리지 말아줄래?"" 어떤 학과든 피로하니까 박카스가 필요하다. 누구나 나만의 피로가 있다. 우리 학과만의 피로를 SNS에 공유해주세요.","""자. 오늘 안먹었지? 일이 많지? 조금만 더 힘냅시다! 파이팅! 하하하."" 팀장님 박카스도 좋지만 직원 좀 더 뽑아주세요. 풀려야 할 것은 피로만은 아니다. 무엇이든 잘 풀리려면 시작은 피로회복부터. 박카스. ""벌써 시간이 이렇게 됐네. 아이고 내 정신 좀 봐라."" 언제까지나 함께 건강하게. 동아제약. ","올 때 박카스. 젤리. ""아니 무슨 고3이 벼슬이야? 지는 손이 없어 발이 없어."" ""야. 장난해?"" ""왜. 사 오라는 것 다 사 왔는데."" ""박카스랑 젤리 말고 박카스맛 젤리를 사 오라고. 박카스맛 젤리.  박카스맛 젤리. 박카스맛 젤리. 박카스맛 젤리."" ""아휴. 피곤해."" 누구나 나만의 피로가 있다. ""하루 이틀도 아니고 왜 저래."" 야 너 지금 먹고있지? ""문제를 그렇게 맞혀봐라 좀!"" 쫀득하게 씹고 풀자. 박카스맛 젤리. 박카스맛 젤리의 새 이름을 지어주세요. 먹으면서 지어.","""아 피곤해 아.. 집까지 언제 가냐? 자취생 부럽다?"" ""부럽긴.."" 야 우리 너희집에서 놀건데 너도 올래? 여기는 내 자취방인가 과방인가.. ""이사갈까..?"" 누구나 나만의 피로가 있다. ""집 가까워서 좋겠다. 학교 오기도 편하고."" ""니들도 내 방에서 살잖아. 젤리는 네 돈으로 사 먹어."" 쫀득하게 씹고 풀자. 박카스맛 젤리. 박카스맛 젤리의 새 이름을 지어주세요. 너네집에서 지을건데? ","훔쳐먹는 박카스맛 젤리가 젤리 맛있다. ""비켜. 내 박카스맛 젤리 네가 먹었지."" ""나 아니야."" ""냄새가 나네. 박카스맛이구만!!"" ""아니라니까?"" ""그만 먹어라. 죽는다. 또 너지? 먹지 말라고 했잖아. 내 박카스맛 젤리."" ""나 아니야!!"" ""내 박카스맛 젤리."" ""진짜 이번에는 나 아니라니까! 아 진짜.."" ""뭐야.."" ""성적을 그렇게 챙겨봐라. 누구나 나만의 피로가 있다. ""아빠였어? 아 뭐야.. 언니는 진짜 성격이 왜 그래?"" ""엄마 닮아서 그래."" 쫀득하게 씹고 풀자. 박카스맛 젤리.",,"바닷 속 쓰레기를 줍는 게 제일 뿌듯했을 때는 언제예요? 음.. 저희 보고 시작했다는 분들이 생길 때요. 이 넓은 바다가 그런다고 회복될까요? ""최소한 우리가 지나온 길을 바뀌잖아요."" 기꺼이, 또 묵묵히. 이런 피로들이 모여 바다를 회복시키는 것 아닐까요? 우리에게는 회복하는 힘이 있습니다. 박카스. 언제까지나, 함께, 건강하게. 동아제약.","70년 된 시장이니까 오래됐죠. 저 어릴 때만 해도 가게마다 사람들로 꽉 차고 그랬다는데 점점 사람들 발길이 끊기더라고요. 하루는 시장어르신이 '젊은 놈이 시장일 뭘 하겠어?' 하시는데 그래 젊으니까. 젊은 놈이 한 번 회복 시켜보자 했죠. 시장 청년들이 움직이니까 다른 상인들도 점점 마음을 여시고 그렇게 다들 노력해서, 시작이 확 살아났죠. 사람들 발길이 끊어져서 시장이 사라질까 걱정을 했는데 시장이 사라질 수도 있겠다 이렇게까지 생각을 했었는데 다 같이 노력해서 살아났죠. 여기는 전통도 있고 젊음도 있거든요. 오늘도 젊음과 전통은 함께 뛰고 있습니다. ""계수야 회복됐니?"" 우리에는 회복하는 힘이 있습니다. ""오늘을 회복하자!"" 박카스. ","멘붕 올 때 먹는 박카스맛 젤리가 젤리 맛있다. 일주일만 지나면 내 고생도 끝이다. ""박카스맛 젤리 떨어졌네."" 일주일만 참자. ""떨어졌어? 빨리 사 올게."" ""박카스맛 젤리."" ""잠시만"" ""야 박카스.."" ""언니 여기. 먹고 해."" ""우리 딸 파이팅!!"" ""결과 나왔어?"" ""근데 나 일 년만 더 하면 훨씬 잘 할 것 같아."" ""붙었는데 재수? 진짜 왕재수야."" 누구나 나만의 피로가 있다. ""재수는 기숙사 학원이 좋대."" ""그래?"" ""죽을래? 나 아직 결정 안했거든?"" 쫀득하게 씹고 풀자. 박카스맛 젤리.","짝사랑 할 때 먹는 박카스맛 젤리가 젤리 맛있다. ""오늘 온다던 교생쌤 봤어? 대박 잘생겼대."" ""잘생겨봤자지. 우와. 진짜 잘생겼다. 야 쌤도 박카스맛 젤리 좋아하시나 봐! 나랑 좋아하는 것도 같네."" ""나도 좋아하거든."" ""나도 나도."" 이거 다 선생님 드려야지. ""안돼! 내 박카스맛 젤리.."" 언니 미안. ""야! 이거 봐 이거 봐!"" ""허억 여친이 좋아하는 거였어? 에휴.. 첫사랑은 안이루어진다더니"" ""그러게."" 누구나 나만의 피로가 있다. ""대박이야. 교생선생님 박카스맛.."" ""젤리나 먹어. 왜 무슨일인데?"" 쫀득하게 씹고 풀자. 박카스맛 젤리. ""내 박카스맛 젤리.. 누가 가져갔어?"""
활명수(동화약품),"""언제는 안먹는다고 그러더니."" ""당신 체할까봐."" ""부채표가 있잖아."" ""아~ 부채표 까스활명수."" 까스활명수. ""더 드세요."" ""여보."" 과식 소화불량엔 부채표 까스활명수 큐. 동화약품",,,"""젊은 세대라고 항상 새로운 것만 찾지는 않죠."" 100년 전통의 우리 소화제. 까스활명수. ""할머니도, 아버지도, 또 저도 소화제는 까스활명수죠."" 과식, 소화불량에는 까스활명수 큐. ""좋은 것은 오래 사랑받습니다."" 부채표 동화약품. ","""안녕하세요."" ""아이고 어서 와."" ""어서와요."" ""이것 좀 드셔보세요."" ""소화가.."" ""괜찮아요. 우리 소화제 챙겨왔어요."" ""아니. 까스활명수를 아네?"" 과식, 소화불량. 까스활명수 큐. ""좋은 것은 오래 사랑 받잖아요? 오래오래 사세요."" 부채표 동화약품.",,,,"""오랜세월 소화는 물론 우리의 마음 속 체증까지 시원하게 뚫어준 까스활명수."" 11가지 생약성분 까스활명수 큐. ""100년을 이어가는 까스활명수."" ""오래 사랑받는 우리 소화제예요."" 부채표 동화약품.","아무리 소화가 급하더라도 꼭 확인할 것이 있습니다. 부채가 있나 본다. ""부채 있음. 하."" 활명수가 맞나 본다. ""활명수? 맞음."" 100년을 이어온 약효. 부채표 까스활명수 큐. 부채 확인. 활명수 확인. ""소화 확인!"" 동화약품.",,,,,,,"""아이고 배야."" ""마마 소화제."" ""에이구. 눈은 뒀다 뭐하느냐? 부채가 없잖아. 부채가."" 부채표 까스활명수 큐. ""보이느냐?"" ""보입니다."" ""부채표가 없는 것은 활명수가 아니니라."" 동화약품. ""보이시죠?""","""마마 활명수. 마마."" ""아니되옵니다 마마. 부채표가 없는 것은 활명수가 아니옵니다."" ""오 부채표."" ""100년 사랑 아니옵니까?"" 까스활명수 큐. ""부채표가 없는 것은 활명수가 아니니라."" 동화약품.",,"""어디있지?"" ""뭘 찾아요?"" ""부채."" ""속 더부룩하다더니. 웬 부채?"" ""찾았다! 부채표."" 더부룩 답답할 때 부채표 까스활명수. ""부채표가 없는 것은 활명수가 아닙니다."" 동화약품.",,,,"무려 11가지 생약성분 부채표 까스활명수. ""다르다고 할 만 하죠? 생약성분으로 더 시원하고 더 편안하게."" 부채표 까스활명수 큐. ""부채표가 없는 것은 활명수가 아닙니다."" 동화약품.",,,"""난 까스활명수같은 남자. 까스활명수처럼 시원하고 까스활명수처럼 부드럽고 뭐든지 다 소화시킬 수 있으니까. 까스활명수 닮았대요."" 11가지 생약성분 소화제. 부채표 까스활명수 큐. ""부채표가 없으면 활명수가 아닌 것 아시죠?"" 동화약품.",,,,,,,"""엄마 젊다고 다 소화되는 것 아니거든? 더부룩하고 답답하고 꽉 막혀! 그러니까 아무거나 먹으라고 좀 하지 마! 응? 11가지 생약성분 나도 까스활명수 좋은 것 안다고!"" ""어쭈 소리지르면 소화되냐?"" 소화에는 역시 부채표. 부채표 까스활명수 큐. ""부채표 없으면 활명수 아니라는 것 안다고!"" 동화약품.",,우리는 태어나서 한 번도 활명수를 마셔본 적이 없다. 그런데 구한말 왕들도 마시던 소화제란다. 까스활명수 큐.,"우리는 태어나서 한 번도 활명수를 마셔본 적이 없다. 그런데 독립운동자금을 대던 소화제란다. ""독립 생활은 힘들어."" 까스활명수 큐.",,,,,,,,,,,,"우리는 태어나서 한 번도 활명수를 마셔본 적이 없다. 그런데 구한말 왕들도 마시던 소화제란다. ""왕도 안부럽다."" 까스활명수 큐.","""하늘을 부러러 한 점 부끄럼 없기를."" 우리는 태어나서 한 번도 활명수를 마셔본 적이 없다. 그런데 독립운동자금을 대던 소화제란다. 까스활명수 큐.","""110, 111, 112."" 우리는 태어나서 한 번도 활명수를 마셔본 적이 없다. 그런데 112년이나 된 소화제란다. ""112년이나 됐네?"" 까스활명수 큐.",,,,"""어?"" TV에서 가족의 얼굴이 나올 확률 0.00000001%. 하루 한 끼 가족이 밥상에서 만나자. 부채표 까스활명수.",아들! 요즘 어떻게 지내? 헤드폰에서 아버지 목소리가 나올 확률 0.00000001%. 하루 한 끼 가족이 밥상에서 만나자. 부채표 까스활명수.,,,,배불러 죽겠어. 하~ 살겠다. 소화에는 활명수.,배불러 죽겠네. 하~ 살겠다. 소화에는 활명수.,,,,,,,,,,,,,,활. 빠른 소화에는 활명수.,활. 빠른 소화에는 활명수.,,,,,,,"더 이상은 못 버티겠어. ""아 배불러."" 활. 활명수라 빠르네. 소화에는 역시 활명수.","우리 그만하자고 했잖아요. 그만하자고. ""아 배불러.' 활. 활명수라 빠르네. 소화에는 역시 활명수.",,,"""동생아. 미인활명수 하나 사오련?"" ""미인? 누가?"" ""누구긴?"" 오늘부터 나는 미인입니다. 위에서 활, 장에서 활. 듀얼액션 미인활명수. ""미남활명수는 없던데?""","""난 그냥 소화제 달랬는데, 이걸 주는 것 있지? 썸이지?"" ""썸이다."" ""소화 잘 되겠다 야."" 위에서 활, 장에서 활. 듀얼액션 미인활명수. ""미인이에요.""",OK 다 필요없고 내가 말하는 것은 real me. 내가 바라는 것은 real me. ,,다시 태어나 새롭게 시작해. I'm reborn reborn reborn.,,,,"""네 아버지"" ""밥 먹었냐?"" ""그럼요. 식사 하셨어요?"" ""밥은 먹고 다니니?"" ""네 지금 먹으려고 아버지는요?"" ""밥 먹고 해라."" ""선배님 안녕하세요."" ""아침 먹고 갔냐?"" ""네 걱정하지 마세요."" 마음만으로 든든합니다. 오늘도 잘 소화하세요. 부채표 활명수.","""갔다올게."" ""밥 한 숟가락 먹고가지."" ""늦었어 늦었어. 아 식사는 하셨습니까?"" ""응."" ""우리 딸. 밥 먹었어?"" ""응? 나 이제 도서관."" ""우리 밥 먹으러 가자."" ""그럴까?"" ""응"" ""엄마!"" ""어? 아들! 밥은?"" ""먹었지~"" 마음만으로 든든합니다. 오늘도 잘 소화하세요. 부채표 활명수.",,,,,,,,"""야 일어나. 아침 먹어! 살 뺀다고 굶지 말고! 뭐 합격? 너 뭐 먹고싶어?"" ""나 왔어."" ""밥은? 먹고 들어오는 거야? 자 잠깐만 잠깐만 야 이거 이거."" ""아 뭐야~"" ""잘 좀 챙겨 먹어."" ""엄마 갈게요."" 마음만으로 든든합니다. 오늘도 잘 소화하세요. 부채표 활명수.","""엄마 나 왔어. 엄마 것 꼭 챙겨드세요."" ""아유 너 늦었어. 얼른 가."" ""엄마 점심은? 아직도 안드시면 어떡해. 엄마 우리 이제 갈게."" ""저녁 먹고 가."" ""아유 됐어 우리 집에 가서 먹으면 돼. 엄마 쉬어."" ""잠깐만 이거 이거."" ""하. 힘들게 엄마는."" 마음만으로 든든합니다. 오늘도 잘 소화하세요. 부채표 활명수.","""네 아버지"" ""밥 먹었냐?"" ""그럼요. 식사 하셨어요?"" ""밥은 먹고 다니니?"" ""네 지금 먹으려고 아버지는요?"" ""밥 먹고 해라."" ""선배님 안녕하세요."" ""아침 먹고 갔냐?"" ""네 걱정하지 마세요."" 마음만으로 든든합니다. 오늘도 잘 소화하세요. 부채표 활명수.","""야 일어나. 아침 먹어! 살 뺀다고 굶지 말고! 뭐 합격? 너 뭐 먹고싶어?"" ""나 왔어."" ""밥은? 먹고 들어오는 거야? 자 잠깐만 잠깐만 야 이거 이거."" ""아 뭐야~"" ""잘 좀 챙겨 먹어."" ""엄마 갈게요."" 마음만으로 든든합니다. 오늘도 잘 소화하세요. 부채표 활명수.",,"""엄마 나 왔어. 엄마 것 꼭 챙겨드세요."" ""아유 너 늦었어. 얼른 가."" ""엄마 점심은? 아직도 안드시면 어떡해. 엄마 우리 이제 갈게."" ""저녁 먹고 가."" ""아유 됐어 우리 집에 가서 먹으면 돼. 엄마 쉬어."" ""잠깐만 이거 이거."" ""하. 힘들게 엄마는."" 마음만으로 든든합니다. 오늘도 잘 소화하세요. 부채표 활명수."
비타500(광동제약),,,,,,,,,,,,,,,,,,,,,,,,"""자기야 자기야. 뭐 마실래?"" ""아무거나. 아니 몸에 좋고 맛도 좋고 비타민은 있는데 카페인은 없는 것."" ""오빠 비타오백."" 마시는 비타민C 비타오백",,,,,,,,,,,,,,,,,,,,,,,,,,,,,,,,,,,,"""비타민C를 합성할 수 없는 여러분들을 위해 저 효연이와 비타민C가 만났습니다. 그 결과는 비타오백이 되었습니다! 효연병에 걸리세요!"" Let's make vitamin C. 비타오백","""어떡해? 맙소사 왜! 전 몰랐어요. 우리 인간은 왜 스스로 비타민C 합성을 못하는 것일까요? 아 매일 아침 티파니를 만나세요. 티파니에서 아침을"" Let's make vitamin C. 비타오백  ","""태연이 붙은 비타오백을 보고도 태연할 수 있는 사람 봤니? 없대요~ 태연 한 병의 여유 마시자 태연을"" Let's make vitamin C. 비타오백 ","""이것은 제 얼굴이 붙은 비타오백. 이제부터 여러분의 비타민C는 제가 책임질게요. 그런데 제 별명이 얼음공주라고 해서 비타오백까지 얼려드시면 곤란해요. 제 예쁜 얼굴만 보고 드세요."" Let's make vitamin C. 비타오백","""인간과 원숭이는 스스로 비타민C를 합성하지 못한대요. 그래서 준비했습니다 비타오백. 비타민C가 무려 사과 35개만큼 들어있대요. 와 대박"" Let's make vitamin C. 비타오백","""비타민C 파괴를 막아준다는 이 갈색 유리병. 반가워 언니야 언니. 비타민C 섭취 너도 유리하고 나도 유리하고 모두가 유리하네. 찾아주세요."" Let's make vitamin C. 비타오백","""햇살 좋은 날 저 써니는 합성중이에요. 광합성이 아니라 비타오백으로 비타민C 합성중. 주머니에 써니를 쏙 넣고 다니세요"" Let's make vitamin C. 비타오백","""인간은 왜 스스로 비타민C 합성을 못하는 것일까요? 답답하고 화가 나서 제가 화나는 연기를 한 번 준비해봤습니다. 뚜껑 열렸다."" Let's make vitamin C. 비타오백","""제가 솔로로 새 출발합니다. 솔로앨범 아니죠. 비타오백 병에 솔로로 등장! 어? 여기 있네? 여러분들의 비타민C가 되어드릴게요."" Let's make vitamin C. 비타오백 ",저 문근영이 엉뚱한 질문 하나 할게요. 착한드링크라는 말 들어본 적 있으세요? 비타오백이 처음 쓰는 말. 몸에 착해서 착한드링크. 비타오백,"""엄마 나 착한드링크 사주세요. 안돼 착한드링크는 착한 아이만 마시는 거예요. 잉 엄마도 착한 엄마 아니면서.."" 착한드링크는 누구나 마실 수 있어요. 우리 몸에 착하니까. 비타오백","""여보 나 착한드링크. 안돼 착한드링크는 옆집 남편처럼 착한 남편들만 마시는 거예요. 잉 당신이 어떻게 알아?"" 착한드링크는 누구나 마실 수 있어요. 우리 몸에 착하니까. 비타오백","""부장님 나 착한드링크~ 안돼 착한드링크는 착한 사원만 마시는거야. 아으 부장님 짠돌이!"" 착한드링크는 누구나 마실 수 있어요. 우리 몸에 착하니까. 비타오백","""중대장님 착한드링크 드십시오! 안돼 착한드링크는 착한 병사만 마시는거야. 말뚝 박겠습니다! 그래도 안돼~"" 착한드링크는 누구나 마실 수 있어요. 우리 몸에 착하니까. 비타오백",왜 몸에 착한지 어떤 성분이 착한지 들여다보지 않아도 사람들은 잘 안다. 몸 생각하면 착한드링크. 비타오백,모두가 힘들고 바빠요 카페인 필요한 것일까요 얘는요 그런 것 없어요 참 착하네요. 착한드링크 비타오백.,졸리고 나른한 봄날에 카페인 생각이 나지만 그래도 몸 생각해야죠 참 착하네요. 착한드링크 비타오백.,더워요 땀나요 지쳐요 마시고 힘내요 비타민 어머나 카페인 없어요 참 착하네요 착한드링크 비타오백,,더울수록 챙겨요 몸에 좋은 비타민 여름을 더 건강하게 비타오백 여름에도 카페인보다는 비타민C 착한드링크 비타오백,엄마 아빠 동생도 사무실도 학교도 나눌 수록 착한 마음 전해져요. 카페인보다는 비타민C. 착한드링크 비타오백.,비타민 어디있니? 바로 여기 있구나. 나눠봐요 전해봐요 건네봐요 카페인은 한 방울도 없잖아. 착한드링크 비타오백.,,오늘도 하품 하다 하루가 다 갔어 착한 활력이 필요해. 기운이 뿅! 생겨났어. 활력이 쓩쓩! 생겨났어. 착한드링크 비타오백. ,피곤해 기운 없이 하루가 다 갔어 착한 활력이 필요해. 기운이 뿅! 생겨났어. 활력이 쓩쓩! 생겨났어. 착한드링크 비타오백. ,극장에는 나만 빼고 다 커플인가봐 착한 활력이 필요해. 남친이 뿅! 생겨났어. 활력이 쓩쓩! 생겨났어. 착한드링크 비타오백.,마시는 비타민C 난 매일 쌩쌩해. 착한 활력이 있잖아. 기운이 뿅뿅! 생겨났어. 활력이 쓩쓩! 생겨났어. 착한드링크 비타오백.,"2016년 봄 수지는 궁금합니다. ""궁금해!"" 비타민C 500mg의 능력? 비타오백 ""지금 몇 살로 살고 있나요?""","""하하하. 이야 젊음이 좋다 좋아 아주 그냥 쌩쌩하구나."" ""감사합니다!"" ""수고들 해."" ""네! 들어가십시오! 아 예전같지 않다."" ""지금 몇 살로 살고 있나요?"" 젊음을 지키는 비타민C 500mg. 대한민국 청춘하세요! 비타오백. ""내가 청춘 나이 때는 이 회사 나 없으면 돌아가지를 않았어. 이야 옛날 생각난다.""","""야 오늘 짱구도 온대."" ""짱구? 걔는 얼마 만이야?"" ""야야야야 저기 짱구 아니야? 야 야! 짱구야! 짱구야~"" ""야! 친구야~"" ""혹시 연세가?"" ""동창이야 동창."" ""지금 몇 살로 살고 있나요?"" 젊음을 지키는 비타민C 500mg. 대한민국 청춘하세요! 비타오백. ""빨리 먹어."" ""계속 먹어."" ""한 손으로 줘."" ","학생입니다. 학생입니다. 학생입니다. 학생입니까? 까? 까? 까? ""학생 맞아?"" ""학생인데요?"" ""지금 몇 살로 살고 있나요?"" 젊음을 지키는 비타민C 500mg. 대한민국 청춘하세요! 비타오백. 학생입니다. ""하""","수지야. 음 거꾸로 뭐하는거야? ""나? 이제 거꾸로 하려고."" 수지는 나이를 거꾸로 마신다. 마셔요 거꾸로 나이를. 대한민국 청춘하세요! 비타오백","""좀 더 뒤로. 아 좀 더 뒤로! 형 받아!"" ""아니 민종아. 파이팅이 없어? 밥을 안 먹은거야?"" ""에헤이 10년만 젊었어도."" ""난 20년."" ""오빠 서러워말고 자!"" 마셔요 거꾸로 나이를. 대한민국 청춘하세요! ""우리도!"" 비타오백 ""살아있네 민종!""","응답하라 엄마'의 라미란. '조폭엄마'의 라미란. '왕의 엄마'의 라미란. '엄마들'의 라미란. 수상자는? 라미란! ""엄마! 나는 맨날 엄마니?"" ""미란언니! 실망말고~ 자!"" 마셔요 거꾸로 나이를. 대한민국 청춘하세요! 비타오백","""너희들에게 마구를 전수해주겠다. 오늘 너희들 복 받은 줄 알아. 봐라! 으아아!"" ""에이 아저씨 이렇게요!"" ""뭐야?"" ""예전같지가 않네."" ""웃겨?"" ""아니."" ""오빠 서러워말고 자!"" 마셔요 거꾸로 나이를. 대한민국 청춘하세요! ""우리도!"" 비타오백",엄마 친구야 선배님들 누나 쌤 비타오백 청춘박스로 청춘을 선물 하세요 청춘도 선물이 된다! 마시는 비타민C 비타오백으로 청춘을 오래오래! 대한민국 청춘하세요! 비타오백,"""여러분 제가 비타오백에 숨겨진 비밀번호를 알려드릴게요. 아무도 없죠? 지금부터 저를 따라 외우세요! 3579 3579 3579. 이게 무슨 뜻인지 궁금하시죠? 사과 35개 레몬 7개 귤 9개. 무려 비타민C 500mg을 섭취하기 위해 먹어야 하는 과일이래요. 역시 비타오백 정말 대단합니다! 잊지말고 외워두세요! 3579. 지훈이 마음 속에 저장."" 비타오백",오늘은 5월 5일 어린이날. 어린이 여러분 워너원의 강초딩. 다니엘이 여러분들의 날을 축하드립니다! 누님들 형님들 이번 어린이날에는 어린이 여러분들에게 비타오백 젤리를 선물해주는 것은 어떨까요? 비타민C 500mg이 들어 있는 비타오백 젤리. 다니엘과 같이 젤리 먹고 청춘하세요! 비타오백,"""안녕~ 우리 오늘 어디서 만날까? 카페? 무슨 카페? 아~ 비타오백 청춘카페? 그래 그 문정동 가든파이브 지하에 있으면서 무카페인과 비타오백 유기농 설탕시럽으로 직접 음료를 만들어준다는 그 비타오백 청춘카페 말이지? 그래! 활성산소를 제거해주는 비타민C 500mg도 마시고 워너원과 함께 사진도 찍으러 놀러 오라고! 비타오백 청춘카페에서 기다릴테니까 늦지 말고 와! 안녕~ 비타오백","""와아아아~"" ""나도? 만날 수 있다!"" ""누구를?"" ""워너원이요!"" 비타오백 마시고 워너원과 함께 청춘파티 가자! 대한민국 청춘하세요! 비타오백","""안녕하세옹? 비타뉴스의 옹성우 기자예옹. 시청자 여러분! 마시기만 하면 살이 빠진다는 마법의 디톡스 주스를 알고 계시나요? 디톡스 주스는 체내의 독성을 배출하고 혈액의 ph 밸런스를 회복시켜 다이어트를 도와준다고 하는데요. 일정기간 정해진 간격으로 섭취하면 효과적이라고 합니다. 자! 그럼 저 옹기자와 같이 만들어볼까요? 먼저, 냉장고에 들어있는 케일, 브로콜리, 사과, 키위, 레몬을 꺼냅니다. 그리고 믹서기로 갈아보아옹. 마지막으로 비타민C 500mg이 들어있는 비타오백을 넣어주면 완성! 네! 지금까지 옹기자와 함께 알아본 마법의 주스였는데요. 이렇게 간단한 마법의 주스로 올 여름을 건강하고 날씬하게 보내세요!"" 비타오백","""안녕하세요! 워너원의 꿀피부! 하성운입니다. 오늘은 저의 꿀피부 유지비법을 말씀 드릴텐데요. 저의 피부관리 비법 첫 번째 좋은 것은 많이 바른다. 저는 무조건 많이 발라요. 매일 팩도 하고 크림도 듬뿍듬뿍 발라주거든요. 아주 환상입니다. 두번째 먹는 것. 먹는 것이 진짜 중요해요. 밀가루나 기름진 음식을 안 먹는 것도 중요하지만 제일 중요한 것은 바로 이 비타민C. 비타오백에는 비타민C가 무려 500mg이나 들어있다고 하는데요. 비타민C가 항산화 작용으로 우리 몸의 활성산소를 제거해줘서 피부에도 좋다고 합니다. 비타오백 마시고 꿀피부로 청춘하세요!"" 비타오백","""네 안녕하세요. 비타오백 기상캐스터 황민현입니다. 오늘 먼지가 너무 많아서 콜록 콜록. 여러분 요즘 미세먼지가 나날이 심해지고 있어요. 저처럼 청결하게 매일매일 손을 씻는 것도 좋지만 비타민C를 먹는 것도 중요합니다. 비타민C 500mg을 간편히 한 병으로 섭취할 수 있는 비타오백 마시고 대한민국 청춘하세요!"" 비타오백",,오늘도 열일하느라 완전 방전이야 방전. 카페인 대신 건강한 충전하세요! 유해산소 없애는 비타민C 항산화 작용으로 젊음 충전 빵빵하게! 젊음을 채워요! 비타오백,항산화가 필요하니? 여왕벌의 선물. 항산화작용 비타민C에 로열젤리 프로폴리스까지! 여왕벌이 선물한 비타오백 로열폴리스.,"""쉬는 시간이지? 창고 정리할까?"" ""휴식은 필수입니다! 우리에게는 내일이 있잖아요! 내 몸에 옳다!"" ""카페인 대신 비타!"" 나를 위한 비타민C. 비타오백","""자 집중! 해 뜰 때까지 힘내!"" ""힘든데 어떻게 힘을 내요? 시범을 보여주세요! 내 몸에 옳다!"" ""카페인 대신 비타!"" 나를 위한 비타민C. 비타오백",주지마요 그 부담. 쓰지마요 안간힘. 하지마요 억지로. 받지마요 스트레스. 남을 위해 참고 살지 마요. 나를 위해 비타오백 해요. 남을 위해 참고 살지 마요. 나를 위해 비타오백 해요. 나를 위한 비타민C. 비타오백,
,,,,,,,,,,,,,,,,,,,,,,,,,,,,,,,,,,,,,,,,,,,,,,,,,,,,,,,,,,,,,,,,,,,,,,,,,,,,,,,,,,,,,,,,,,,,,,,,,,,,,,,,,,,,,
,,,,,,,,,,,,,,,,,,,,,,,,,,,,,,,,,,,,,,,,,,,,,,,,,,,,,,,,,,,,,,,,,,,,,,,,,,,,,,,,,,,,,,,,,,,,,,,,,,,,,,,,,,,,,
,,,,,,,,,,,,,,,,,,,,,,,,,,,,,,,,,,,,,,,,,,,,,,,,,,,,,,,,,,,,,,,,,,,,,,,,,,,,,,,,,,,,,,,,,,,,,,,,,,,,,,,,,,,,,
,,,,,,,,,,,,,,,,,,,,,,,,,,,,,,,,,,,,,,,,,,,,,,,,,,,,,,,,,,,,,,,,,,,,,,,,,,,,,,,,,,,,,,,,,,,,,,,,,,,,,,,,,,,,,
,,,,,,,,,,,,,,,,,,,,,,,,,,,,,,,,,,,,,,,,,,,,,,,,,,,,,,,,,,,,,,,,,,,,,,,,,,,,,,,,,,,,,,,,,,,,,,,,,,,,,,,,,,,,,
,,,,,,,,,,,,,,,,,,,,,,,,,,,,,,,,,,,,,,,,,,,,,,,,,,,,,,,,,,,,,,,,,,,,,,,,,,,,,,,,,,,,,,,,,,,,,,,,,,,,,,,,,,,,,
,,,,,,,,,,,,,,,,,,,,,,,,,,,,,,,,,,,,,,,,,,,,,,,,,,,,,,,,,,,,,,,,,,,,,,,,,,,,,,,,,,,,,,,,,,,,,,,,,,,,,,,,,,,,,
,,,,,,,,,,,,,,,,,,,,,,,,,,,,,,,,,,,,,,,,,,,,,,,,,,,,,,,,,,,,,,,,,,,,,,,,,,,,,,,,,,,,,,,,,,,,,,,,,,,,,,,,,,,,,
,,,,,,,,,,,,,,,,,,,,,,,,,,,,,,,,,,,,,,,,,,,,,,,,,,,,,,,,,,,,,,,,,,,,,,,,,,,,,,,,,,,,,,,,,,,,,,,,,,,,,,,,,,,,,
,,,,,,,,,,,,,,,,,,,,,,,,,,,,,,,,,,,,,,,,,,,,,,,,,,,,,,,,,,,,,,,,,,,,,,,,,,,,,,,,,,,,,,,,,,,,,,,,,,,,,,,,,,,,,
,,,,,,,,,,,,,,,,,,,,,,,,,,,,,,,,,,,,,,,,,,,,,,,,,,,,,,,,,,,,,,,,,,,,,,,,,,,,,,,,,,,,,,,,,,,,,,,,,,,,,,,,,,,,,
,,,,,,,,,,,,,,,,,,,,,,,,,,,,,,,,,,,,,,,,,,,,,,,,,,,,,,,,,,,,,,,,,,,,,,,,,,,,,,,,,,,,,,,,,,,,,,,,,,,,,,,,,,,,,
,,,,,,,,,,,,,,,,,,,,,,,,,,,,,,,,,,,,,,,,,,,,,,,,,,,,,,,,,,,,,,,,,,,,,,,,,,,,,,,,,,,,,,,,,,,,,,,,,,,,,,,,,,,,,
,,,,,,,,,,,,,,,,,,,,,,,,,,,,,,,,,,,,,,,,,,,,,,,,,,,,,,,,,,,,,,,,,,,,,,,,,,,,,,,,,,,,,,,,,,,,,,,,,,,,,,,,,,,,,
,,,,,,,,,,,,,,,,,,,,,,,,,,,,,,,,,,,,,,,,,,,,,,,,,,,,,,,,,,,,,,,,,,,,,,,,,,,,,,,,,,,,,,,,,,,,,,,,,,,,,,,,,,,,,
,,,,,,,,,,,,,,,,,,,,,,,,,,,,,,,,,,,,,,,,,,,,,,,,,,,,,,,,,,,,,,,,,,,,,,,,,,,,,,,,,,,,,,,,,,,,,,,,,,,,,,,,,,,,,
,,,,,,,,,,,,,,,,,,,,,,,,,,,,,,,,,,,,,,,,,,,,,,,,,,,,,,,,,,,,,,,,,,,,,,,,,,,,,,,,,,,,,,,,,,,,,,,,,,,,,,,,,,,,,
,,,,,,,,,,,,,,,,,,,,,,,,,,,,,,,,,,,,,,,,,,,,,,,,,,,,,,,,,,,,,,,,,,,,,,,,,,,,,,,,,,,,,,,,,,,,,,,,,,,,,,,,,,,,,
,,,,,,,,,,,,,,,,,,,,,,,,,,,,,,,,,,,,,,,,,,,,,,,,,,,,,,,,,,,,,,,,,,,,,,,,,,,,,,,,,,,,,,,,,,,,,,,,,,,,,,,,,,,,,
,,,,,,,,,,,,,,,,,,,,,,,,,,,,,,,,,,,,,,,,,,,,,,,,,,,,,,,,,,,,,,,,,,,,,,,,,,,,,,,,,,,,,,,,,,,,,,,,,,,,,,,,,,,,,
,,,,,,,,,,,,,,,,,,,,,,,,,,,,,,,,,,,,,,,,,,,,,,,,,,,,,,,,,,,,,,,,,,,,,,,,,,,,,,,,,,,,,,,,,,,,,,,,,,,,,,,,,,,,,
,,,,,,,,,,,,,,,,,,,,,,,,,,,,,,,,,,,,,,,,,,,,,,,,,,,,,,,,,,,,,,,,,,,,,,,,,,,,,,,,,,,,,,,,,,,,,,,,,,,,,,,,,,,,,
,,,,,,,,,,,,,,,,,,,,,,,,,,,,,,,,,,,,,,,,,,,,,,,,,,,,,,,,,,,,,,,,,,,,,,,,,,,,,,,,,,,,,,,,,,,,,,,,,,,,,,,,,,,,,
,,,,,,,,,,,,,,,,,,,,,,,,,,,,,,,,,,,,,,,,,,,,,,,,,,,,,,,,,,,,,,,,,,,,,,,,,,,,,,,,,,,,,,,,,,,,,,,,,,,,,,,,,,,,,
,,,,,,,,,,,,,,,,,,,,,,,,,,,,,,,,,,,,,,,,,,,,,,,,,,,,,,,,,,,,,,,,,,,,,,,,,,,,,,,,,,,,,,,,,,,,,,,,,,,,,,,,,,,,,
,,,,,,,,,,,,,,,,,,,,,,,,,,,,,,,,,,,,,,,,,,,,,,,,,,,,,,,,,,,,,,,,,,,,,,,,,,,,,,,,,,,,,,,,,,,,,,,,,,,,,,,,,,,,,
,,,,,,,,,,,,,,,,,,,,,,,,,,,,,,,,,,,,,,,,,,,,,,,,,,,,,,,,,,,,,,,,,,,,,,,,,,,,,,,,,,,,,,,,,,,,,,,,,,,,,,,,,,,,,
,,,,,,,,,,,,,,,,,,,,,,,,,,,,,,,,,,,,,,,,,,,,,,,,,,,,,,,,,,,,,,,,,,,,,,,,,,,,,,,,,,,,,,,,,,,,,,,,,,,,,,,,,,,,,
,,,,,,,,,,,,,,,,,,,,,,,,,,,,,,,,,,,,,,,,,,,,,,,,,,,,,,,,,,,,,,,,,,,,,,,,,,,,,,,,,,,,,,,,,,,,,,,,,,,,,,,,,,,,,
,,,,,,,,,,,,,,,,,,,,,,,,,,,,,,,,,,,,,,,,,,,,,,,,,,,,,,,,,,,,,,,,,,,,,,,,,,,,,,,,,,,,,,,,,,,,,,,,,,,,,,,,,,,,,
,,,,,,,,,,,,,,,,,,,,,,,,,,,,,,,,,,,,,,,,,,,,,,,,,,,,,,,,,,,,,,,,,,,,,,,,,,,,,,,,,,,,,,,,,,,,,,,,,,,,,,,,,,,,,
,,,,,,,,,,,,,,,,,,,,,,,,,,,,,,,,,,,,,,,,,,,,,,,,,,,,,,,,,,,,,,,,,,,,,,,,,,,,,,,,,,,,,,,,,,,,,,,,,,,,,,,,,,,,,
,,,,,,,,,,,,,,,,,,,,,,,,,,,,,,,,,,,,,,,,,,,,,,,,,,,,,,,,,,,,,,,,,,,,,,,,,,,,,,,,,,,,,,,,,,,,,,,,,,,,,,,,,,,,,
,,,,,,,,,,,,,,,,,,,,,,,,,,,,,,,,,,,,,,,,,,,,,,,,,,,,,,,,,,,,,,,,,,,,,,,,,,,,,,,,,,,,,,,,,,,,,,,,,,,,,,,,,,,,,
,,,,,,,,,,,,,,,,,,,,,,,,,,,,,,,,,,,,,,,,,,,,,,,,,,,,,,,,,,,,,,,,,,,,,,,,,,,,,,,,,,,,,,,,,,,,,,,,,,,,,,,,,,,,,
,,,,,,,,,,,,,,,,,,,,,,,,,,,,,,,,,,,,,,,,,,,,,,,,,,,,,,,,,,,,,,,,,,,,,,,,,,,,,,,,,,,,,,,,,,,,,,,,,,,,,,,,,,,,,
,,,,,,,,,,,,,,,,,,,,,,,,,,,,,,,,,,,,,,,,,,,,,,,,,,,,,,,,,,,,,,,,,,,,,,,,,,,,,,,,,,,,,,,,,,,,,,,,,,,,,,,,,,,,,
,,,,,,,,,,,,,,,,,,,,,,,,,,,,,,,,,,,,,,,,,,,,,,,,,,,,,,,,,,,,,,,,,,,,,,,,,,,,,,,,,,,,,,,,,,,,,,,,,,,,,,,,,,,,,
,,,,,,,,,,,,,,,,,,,,,,,,,,,,,,,,,,,,,,,,,,,,,,,,,,,,,,,,,,,,,,,,,,,,,,,,,,,,,,,,,,,,,,,,,,,,,,,,,,,,,,,,,,,,,
,,,,,,,,,,,,,,,,,,,,,,,,,,,,,,,,,,,,,,,,,,,,,,,,,,,,,,,,,,,,,,,,,,,,,,,,,,,,,,,,,,,,,,,,,,,,,,,,,,,,,,,,,,,,,
,,,,,,,,,,,,,,,,,,,,,,,,,,,,,,,,,,,,,,,,,,,,,,,,,,,,,,,,,,,,,,,,,,,,,,,,,,,,,,,,,,,,,,,,,,,,,,,,,,,,,,,,,,,,,
,,,,,,,,,,,,,,,,,,,,,,,,,,,,,,,,,,,,,,,,,,,,,,,,,,,,,,,,,,,,,,,,,,,,,,,,,,,,,,,,,,,,,,,,,,,,,,,,,,,,,,,,,,,,,
,,,,,,,,,,,,,,,,,,,,,,,,,,,,,,,,,,,,,,,,,,,,,,,,,,,,,,,,,,,,,,,,,,,,,,,,,,,,,,,,,,,,,,,,,,,,,,,,,,,,,,,,,,,,,
,,,,,,,,,,,,,,,,,,,,,,,,,,,,,,,,,,,,,,,,,,,,,,,,,,,,,,,,,,,,,,,,,,,,,,,,,,,,,,,,,,,,,,,,,,,,,,,,,,,,,,,,,,,,,
,,,,,,,,,,,,,,,,,,,,,,,,,,,,,,,,,,,,,,,,,,,,,,,,,,,,,,,,,,,,,,,,,,,,,,,,,,,,,,,,,,,,,,,,,,,,,,,,,,,,,,,,,,,,,
,,,,,,,,,,,,,,,,,,,,,,,,,,,,,,,,,,,,,,,,,,,,,,,,,,,,,,,,,,,,,,,,,,,,,,,,,,,,,,,,,,,,,,,,,,,,,,,,,,,,,,,,,,,,,
,,,,,,,,,,,,,,,,,,,,,,,,,,,,,,,,,,,,,,,,,,,,,,,,,,,,,,,,,,,,,,,,,,,,,,,,,,,,,,,,,,,,,,,,,,,,,,,,,,,,,,,,,,,,,
,,,,,,,,,,,,,,,,,,,,,,,,,,,,,,,,,,,,,,,,,,,,,,,,,,,,,,,,,,,,,,,,,,,,,,,,,,,,,,,,,,,,,,,,,,,,,,,,,,,,,,,,,,,,,
,,,,,,,,,,,,,,,,,,,,,,,,,,,,,,,,,,,,,,,,,,,,,,,,,,,,,,,,,,,,,,,,,,,,,,,,,,,,,,,,,,,,,,,,,,,,,,,,,,,,,,,,,,,,,
,,,,,,,,,,,,,,,,,,,,,,,,,,,,,,,,,,,,,,,,,,,,,,,,,,,,,,,,,,,,,,,,,,,,,,,,,,,,,,,,,,,,,,,,,,,,,,,,,,,,,,,,,,,,,
,,,,,,,,,,,,,,,,,,,,,,,,,,,,,,,,,,,,,,,,,,,,,,,,,,,,,,,,,,,,,,,,,,,,,,,,,,,,,,,,,,,,,,,,,,,,,,,,,,,,,,,,,,,,,
,,,,,,,,,,,,,,,,,,,,,,,,,,,,,,,,,,,,,,,,,,,,,,,,,,,,,,,,,,,,,,,,,,,,,,,,,,,,,,,,,,,,,,,,,,,,,,,,,,,,,,,,,,,,,
,,,,,,,,,,,,,,,,,,,,,,,,,,,,,,,,,,,,,,,,,,,,,,,,,,,,,,,,,,,,,,,,,,,,,,,,,,,,,,,,,,,,,,,,,,,,,,,,,,,,,,,,,,,,,
,,,,,,,,,,,,,,,,,,,,,,,,,,,,,,,,,,,,,,,,,,,,,,,,,,,,,,,,,,,,,,,,,,,,,,,,,,,,,,,,,,,,,,,,,,,,,,,,,,,,,,,,,,,,,
,,,,,,,,,,,,,,,,,,,,,,,,,,,,,,,,,,,,,,,,,,,,,,,,,,,,,,,,,,,,,,,,,,,,,,,,,,,,,,,,,,,,,,,,,,,,,,,,,,,,,,,,,,,,,
,,,,,,,,,,,,,,,,,,,,,,,,,,,,,,,,,,,,,,,,,,,,,,,,,,,,,,,,,,,,,,,,,,,,,,,,,,,,,,,,,,,,,,,,,,,,,,,,,,,,,,,,,,,,,
,,,,,,,,,,,,,,,,,,,,,,,,,,,,,,,,,,,,,,,,,,,,,,,,,,,,,,,,,,,,,,,,,,,,,,,,,,,,,,,,,,,,,,,,,,,,,,,,,,,,,,,,,,,,,
,,,,,,,,,,,,,,,,,,,,,,,,,,,,,,,,,,,,,,,,,,,,,,,,,,,,,,,,,,,,,,,,,,,,,,,,,,,,,,,,,,,,,,,,,,,,,,,,,,,,,,,,,,,,,
,,,,,,,,,,,,,,,,,,,,,,,,,,,,,,,,,,,,,,,,,,,,,,,,,,,,,,,,,,,,,,,,,,,,,,,,,,,,,,,,,,,,,,,,,,,,,,,,,,,,,,,,,,,,,
,,,,,,,,,,,,,,,,,,,,,,,,,,,,,,,,,,,,,,,,,,,,,,,,,,,,,,,,,,,,,,,,,,,,,,,,,,,,,,,,,,,,,,,,,,,,,,,,,,,,,,,,,,,,,
,,,,,,,,,,,,,,,,,,,,,,,,,,,,,,,,,,,,,,,,,,,,,,,,,,,,,,,,,,,,,,,,,,,,,,,,,,,,,,,,,,,,,,,,,,,,,,,,,,,,,,,,,,,,,
,,,,,,,,,,,,,,,,,,,,,,,,,,,,,,,,,,,,,,,,,,,,,,,,,,,,,,,,,,,,,,,,,,,,,,,,,,,,,,,,,,,,,,,,,,,,,,,,,,,,,,,,,,,,,
,,,,,,,,,,,,,,,,,,,,,,,,,,,,,,,,,,,,,,,,,,,,,,,,,,,,,,,,,,,,,,,,,,,,,,,,,,,,,,,,,,,,,,,,,,,,,,,,,,,,,,,,,,,,,
,,,,,,,,,,,,,,,,,,,,,,,,,,,,,,,,,,,,,,,,,,,,,,,,,,,,,,,,,,,,,,,,,,,,,,,,,,,,,,,,,,,,,,,,,,,,,,,,,,,,,,,,,,,,,
,,,,,,,,,,,,,,,,,,,,,,,,,,,,,,,,,,,,,,,,,,,,,,,,,,,,,,,,,,,,,,,,,,,,,,,,,,,,,,,,,,,,,,,,,,,,,,,,,,,,,,,,,,,,,
,,,,,,,,,,,,,,,,,,,,,,,,,,,,,,,,,,,,,,,,,,,,,,,,,,,,,,,,,,,,,,,,,,,,,,,,,,,,,,,,,,,,,,,,,,,,,,,,,,,,,,,,,,,,,
,,,,,,,,,,,,,,,,,,,,,,,,,,,,,,,,,,,,,,,,,,,,,,,,,,,,,,,,,,,,,,,,,,,,,,,,,,,,,,,,,,,,,,,,,,,,,,,,,,,,,,,,,,,,,
,,,,,,,,,,,,,,,,,,,,,,,,,,,,,,,,,,,,,,,,,,,,,,,,,,,,,,,,,,,,,,,,,,,,,,,,,,,,,,,,,,,,,,,,,,,,,,,,,,,,,,,,,,,,,
,,,,,,,,,,,,,,,,,,,,,,,,,,,,,,,,,,,,,,,,,,,,,,,,,,,,,,,,,,,,,,,,,,,,,,,,,,,,,,,,,,,,,,,,,,,,,,,,,,,,,,,,,,,,,
,,,,,,,,,,,,,,,,,,,,,,,,,,,,,,,,,,,,,,,,,,,,,,,,,,,,,,,,,,,,,,,,,,,,,,,,,,,,,,,,,,,,,,,,,,,,,,,,,,,,,,,,,,,,,
,,,,,,,,,,,,,,,,,,,,,,,,,,,,,,,,,,,,,,,,,,,,,,,,,,,,,,,,,,,,,,,,,,,,,,,,,,,,,,,,,,,,,,,,,,,,,,,,,,,,,,,,,,,,,
,,,,,,,,,,,,,,,,,,,,,,,,,,,,,,,,,,,,,,,,,,,,,,,,,,,,,,,,,,,,,,,,,,,,,,,,,,,,,,,,,,,,,,,,,,,,,,,,,,,,,,,,,,,,,
,,,,,,,,,,,,,,,,,,,,,,,,,,,,,,,,,,,,,,,,,,,,,,,,,,,,,,,,,,,,,,,,,,,,,,,,,,,,,,,,,,,,,,,,,,,,,,,,,,,,,,,,,,,,,
,,,,,,,,,,,,,,,,,,,,,,,,,,,,,,,,,,,,,,,,,,,,,,,,,,,,,,,,,,,,,,,,,,,,,,,,,,,,,,,,,,,,,,,,,,,,,,,,,,,,,,,,,,,,,
,,,,,,,,,,,,,,,,,,,,,,,,,,,,,,,,,,,,,,,,,,,,,,,,,,,,,,,,,,,,,,,,,,,,,,,,,,,,,,,,,,,,,,,,,,,,,,,,,,,,,,,,,,,,,
,,,,,,,,,,,,,,,,,,,,,,,,,,,,,,,,,,,,,,,,,,,,,,,,,,,,,,,,,,,,,,,,,,,,,,,,,,,,,,,,,,,,,,,,,,,,,,,,,,,,,,,,,,,,,
,,,,,,,,,,,,,,,,,,,,,,,,,,,,,,,,,,,,,,,,,,,,,,,,,,,,,,,,,,,,,,,,,,,,,,,,,,,,,,,,,,,,,,,,,,,,,,,,,,,,,,,,,,,,,
,,,,,,,,,,,,,,,,,,,,,,,,,,,,,,,,,,,,,,,,,,,,,,,,,,,,,,,,,,,,,,,,,,,,,,,,,,,,,,,,,,,,,,,,,,,,,,,,,,,,,,,,,,,,,
,,,,,,,,,,,,,,,,,,,,,,,,,,,,,,,,,,,,,,,,,,,,,,,,,,,,,,,,,,,,,,,,,,,,,,,,,,,,,,,,,,,,,,,,,,,,,,,,,,,,,,,,,,,,,
,,,,,,,,,,,,,,,,,,,,,,,,,,,,,,,,,,,,,,,,,,,,,,,,,,,,,,,,,,,,,,,,,,,,,,,,,,,,,,,,,,,,,,,,,,,,,,,,,,,,,,,,,,,,,
,,,,,,,,,,,,,,,,,,,,,,,,,,,,,,,,,,,,,,,,,,,,,,,,,,,,,,,,,,,,,,,,,,,,,,,,,,,,,,,,,,,,,,,,,,,,,,,,,,,,,,,,,,,,,
,,,,,,,,,,,,,,,,,,,,,,,,,,,,,,,,,,,,,,,,,,,,,,,,,,,,,,,,,,,,,,,,,,,,,,,,,,,,,,,,,,,,,,,,,,,,,,,,,,,,,,,,,,,,,
,,,,,,,,,,,,,,,,,,,,,,,,,,,,,,,,,,,,,,,,,,,,,,,,,,,,,,,,,,,,,,,,,,,,,,,,,,,,,,,,,,,,,,,,,,,,,,,,,,,,,,,,,,,,,
,,,,,,,,,,,,,,,,,,,,,,,,,,,,,,,,,,,,,,,,,,,,,,,,,,,,,,,,,,,,,,,,,,,,,,,,,,,,,,,,,,,,,,,,,,,,,,,,,,,,,,,,,,,,,
,,,,,,,,,,,,,,,,,,,,,,,,,,,,,,,,,,,,,,,,,,,,,,,,,,,,,,,,,,,,,,,,,,,,,,,,,,,,,,,,,,,,,,,,,,,,,,,,,,,,,,,,,,,,,
,,,,,,,,,,,,,,,,,,,,,,,,,,,,,,,,,,,,,,,,,,,,,,,,,,,,,,,,,,,,,,,,,,,,,,,,,,,,,,,,,,,,,,,,,,,,,,,,,,,,,,,,,,,,,
,,,,,,,,,,,,,,,,,,,,,,,,,,,,,,,,,,,,,,,,,,,,,,,,,,,,,,,,,,,,,,,,,,,,,,,,,,,,,,,,,,,,,,,,,,,,,,,,,,,,,,,,,,,,,
,,,,,,,,,,,,,,,,,,,,,,,,,,,,,,,,,,,,,,,,,,,,,,,,,,,,,,,,,,,,,,,,,,,,,,,,,,,,,,,,,,,,,,,,,,,,,,,,,,,,,,,,,,,,,
,,,,,,,,,,,,,,,,,,,,,,,,,,,,,,,,,,,,,,,,,,,,,,,,,,,,,,,,,,,,,,,,,,,,,,,,,,,,,,,,,,,,,,,,,,,,,,,,,,,,,,,,,,,,,
,,,,,,,,,,,,,,,,,,,,,,,,,,,,,,,,,,,,,,,,,,,,,,,,,,,,,,,,,,,,,,,,,,,,,,,,,,,,,,,,,,,,,,,,,,,,,,,,,,,,,,,,,,,,,
,,,,,,,,,,,,,,,,,,,,,,,,,,,,,,,,,,,,,,,,,,,,,,,,,,,,,,,,,,,,,,,,,,,,,,,,,,,,,,,,,,,,,,,,,,,,,,,,,,,,,,,,,,,,,
,,,,,,,,,,,,,,,,,,,,,,,,,,,,,,,,,,,,,,,,,,,,,,,,,,,,,,,,,,,,,,,,,,,,,,,,,,,,,,,,,,,,,,,,,,,,,,,,,,,,,,,,,,,,,
,,,,,,,,,,,,,,,,,,,,,,,,,,,,,,,,,,,,,,,,,,,,,,,,,,,,,,,,,,,,,,,,,,,,,,,,,,,,,,,,,,,,,,,,,,,,,,,,,,,,,,,,,,,,,
,,,,,,,,,,,,,,,,,,,,,,,,,,,,,,,,,,,,,,,,,,,,,,,,,,,,,,,,,,,,,,,,,,,,,,,,,,,,,,,,,,,,,,,,,,,,,,,,,,,,,,,,,,,,,
,,,,,,,,,,,,,,,,,,,,,,,,,,,,,,,,,,,,,,,,,,,,,,,,,,,,,,,,,,,,,,,,,,,,,,,,,,,,,,,,,,,,,,,,,,,,,,,,,,,,,,,,,,,,,
,,,,,,,,,,,,,,,,,,,,,,,,,,,,,,,,,,,,,,,,,,,,,,,,,,,,,,,,,,,,,,,,,,,,,,,,,,,,,,,,,,,,,,,,,,,,,,,,,,,,,,,,,,,,,
,,,,,,,,,,,,,,,,,,,,,,,,,,,,,,,,,,,,,,,,,,,,,,,,,,,,,,,,,,,,,,,,,,,,,,,,,,,,,,,,,,,,,,,,,,,,,,,,,,,,,,,,,,,,,
,,,,,,,,,,,,,,,,,,,,,,,,,,,,,,,,,,,,,,,,,,,,,,,,,,,,,,,,,,,,,,,,,,,,,,,,,,,,,,,,,,,,,,,,,,,,,,,,,,,,,,,,,,,,,
,,,,,,,,,,,,,,,,,,,,,,,,,,,,,,,,,,,,,,,,,,,,,,,,,,,,,,,,,,,,,,,,,,,,,,,,,,,,,,,,,,,,,,,,,,,,,,,,,,,,,,,,,,,,,
,,,,,,,,,,,,,,,,,,,,,,,,,,,,,,,,,,,,,,,,,,,,,,,,,,,,,,,,,,,,,,,,,,,,,,,,,,,,,,,,,,,,,,,,,,,,,,,,,,,,,,,,,,,,,
,,,,,,,,,,,,,,,,,,,,,,,,,,,,,,,,,,,,,,,,,,,,,,,,,,,,,,,,,,,,,,,,,,,,,,,,,,,,,,,,,,,,,,,,,,,,,,,,,,,,,,,,,,,,,
,,,,,,,,,,,,,,,,,,,,,,,,,,,,,,,,,,,,,,,,,,,,,,,,,,,,,,,,,,,,,,,,,,,,,,,,,,,,,,,,,,,,,,,,,,,,,,,,,,,,,,,,,,,,,
,,,,,,,,,,,,,,,,,,,,,,,,,,,,,,,,,,,,,,,,,,,,,,,,,,,,,,,,,,,,,,,,,,,,,,,,,,,,,,,,,,,,,,,,,,,,,,,,,,,,,,,,,,,,,
,,,,,,,,,,,,,,,,,,,,,,,,,,,,,,,,,,,,,,,,,,,,,,,,,,,,,,,,,,,,,,,,,,,,,,,,,,,,,,,,,,,,,,,,,,,,,,,,,,,,,,,,,,,,,
,,,,,,,,,,,,,,,,,,,,,,,,,,,,,,,,,,,,,,,,,,,,,,,,,,,,,,,,,,,,,,,,,,,,,,,,,,,,,,,,,,,,,,,,,,,,,,,,,,,,,,,,,,,,,
,,,,,,,,,,,,,,,,,,,,,,,,,,,,,,,,,,,,,,,,,,,,,,,,,,,,,,,,,,,,,,,,,,,,,,,,,,,,,,,,,,,,,,,,,,,,,,,,,,,,,,,,,,,,,
,,,,,,,,,,,,,,,,,,,,,,,,,,,,,,,,,,,,,,,,,,,,,,,,,,,,,,,,,,,,,,,,,,,,,,,,,,,,,,,,,,,,,,,,,,,,,,,,,,,,,,,,,,,,,
,,,,,,,,,,,,,,,,,,,,,,,,,,,,,,,,,,,,,,,,,,,,,,,,,,,,,,,,,,,,,,,,,,,,,,,,,,,,,,,,,,,,,,,,,,,,,,,,,,,,,,,,,,,,,
,,,,,,,,,,,,,,,,,,,,,,,,,,,,,,,,,,,,,,,,,,,,,,,,,,,,,,,,,,,,,,,,,,,,,,,,,,,,,,,,,,,,,,,,,,,,,,,,,,,,,,,,,,,,,
,,,,,,,,,,,,,,,,,,,,,,,,,,,,,,,,,,,,,,,,,,,,,,,,,,,,,,,,,,,,,,,,,,,,,,,,,,,,,,,,,,,,,,,,,,,,,,,,,,,,,,,,,,,,,
,,,,,,,,,,,,,,,,,,,,,,,,,,,,,,,,,,,,,,,,,,,,,,,,,,,,,,,,,,,,,,,,,,,,,,,,,,,,,,,,,,,,,,,,,,,,,,,,,,,,,,,,,,,,,
,,,,,,,,,,,,,,,,,,,,,,,,,,,,,,,,,,,,,,,,,,,,,,,,,,,,,,,,,,,,,,,,,,,,,,,,,,,,,,,,,,,,,,,,,,,,,,,,,,,,,,,,,,,,,
,,,,,,,,,,,,,,,,,,,,,,,,,,,,,,,,,,,,,,,,,,,,,,,,,,,,,,,,,,,,,,,,,,,,,,,,,,,,,,,,,,,,,,,,,,,,,,,,,,,,,,,,,,,,,
,,,,,,,,,,,,,,,,,,,,,,,,,,,,,,,,,,,,,,,,,,,,,,,,,,,,,,,,,,,,,,,,,,,,,,,,,,,,,,,,,,,,,,,,,,,,,,,,,,,,,,,,,,,,,
,,,,,,,,,,,,,,,,,,,,,,,,,,,,,,,,,,,,,,,,,,,,,,,,,,,,,,,,,,,,,,,,,,,,,,,,,,,,,,,,,,,,,,,,,,,,,,,,,,,,,,,,,,,,,
,,,,,,,,,,,,,,,,,,,,,,,,,,,,,,,,,,,,,,,,,,,,,,,,,,,,,,,,,,,,,,,,,,,,,,,,,,,,,,,,,,,,,,,,,,,,,,,,,,,,,,,,,,,,,
,,,,,,,,,,,,,,,,,,,,,,,,,,,,,,,,,,,,,,,,,,,,,,,,,,,,,,,,,,,,,,,,,,,,,,,,,,,,,,,,,,,,,,,,,,,,,,,,,,,,,,,,,,,,,
